"Num_Acc","date","lat","long","categorie","v_max","plan","largeur_TPC","largeur_chaussée","etat_surface","Aménagement","Situation_accident","dep"
"202000031261","2020-06-04T00:00:00.000000","   45.685792","   -0.166508","Voie Communales","          50","Partie rectiligne","           0","           7","Normale","Aucun","Sur chaussée","          16"
"202000031433","2020-05-30T00:00:00.000000","   45.688598","   -0.314863","Route Départementale","          50","Partie rectiligne","           0","           7","Normale","Aucun","Sur chaussée","          16"
"202000031499","2020-08-02T00:00:00.000000","   45.278646","    0.100368","Route Départementale","          80","En courbe à gauche","           0","          54","Normale","Aucun","Sur accotement","          16"
"202000031683","2020-10-01T00:00:00.000000","   45.676666","   -0.175574","Route Départementale","          50","Partie rectiligne","           0","          58","Mouillée","Aucun","Sur chaussée","          16"
"202000031894","2020-12-13T00:00:00.000000","   45.746124","   -0.201464","Route Départementale","          70","En S","           0","          52","Normale","Aucun","Sur accotement","          16"
"202000032020","2020-01-16T00:00:00.000000","  45.8932639","   0.8031164","Route Départementale","          70","Partie rectiligne","           0","         105","Normale","Carrefour aménagé","Sur chaussée","          16"
"202000033479","2020-06-02T00:00:00.000000","   45.580449","    0.048217","Route Départementale","          50","Partie rectiligne","           0","          62","Normale","Aucun","Sur accotement","          16"
"201900058249","2019-09-21T00:00:00.000000","   45.520571","   -0.099306","Route nationale","         110","En courbe à gauche","         2.5","          14","Mouillée","Aucun","Sur bande d’arrêt d’urgence","          16"
"202000033938","2020-01-14T00:00:00.000000","  46.0168795","   0.1982044","Route Départementale","          50","Partie rectiligne","           0","           7","Normale","Carrefour aménagé","Sur chaussée","          16"
"202000034162","2020-07-02T00:00:00.000000","    45.67946","    -0.32833","Route Départementale","          50","Partie rectiligne","           0","           7","Normale","Aucun","Sur chaussée","          16"
"202000034954","2020-07-31T00:00:00.000000","   46.044642","    0.663385","Route Départementale","          90","Partie rectiligne","           0","           7","Normale","Aucun","Sur accotement","          16"
"202000035227","2020-06-01T00:00:00.000000","   45.577523","    0.033925","Route Départementale","          50","En courbe à gauche","          88","          78","Normale","Carrefour aménagé","Sur chaussée","          16"
"202000035748","2020-12-11T00:00:00.000000","   46.078455","    0.199304","Route Départementale","          50","En courbe à gauche","           0","          39","Mouillée","Aucun","Sur chaussée","          16"
"202000036294","2020-03-13T00:00:00.000000","    46.33417","     -0.4755","Route Départementale","          50","En courbe à droite","           2","          13","Normale","Aucun","Autres","          79"
"202000038383","2020-09-01T00:00:00.000000","    46.38338","   -0.205624","Autoroute","         130","En courbe à droite","           5","         145","Normale","Pont - autopont","Sur chaussée","          79"
"202000038667","2020-01-10T00:00:00.000000","   45.881286","    0.183099","Route Départementale","          50","Partie rectiligne","           0","          55","Normale","Aucun","Sur chaussée","          16"
"202000038759","2020-02-07T00:00:00.000000","   45.940377","   -0.009055","Voie Communales","          80","En S","           0","           4","Normale","Aucun","Sur chaussée","          16"
"202000039132","2020-07-27T00:00:00.000000","    45.68083","     -0.3359","Voie Communales","          50","Partie rectiligne","           0","          62","Normale","Aucun","Sur chaussée","          16"
"202000039803","2020-09-26T00:00:00.000000","    45.90636","    0.256963","Route Départementale","          80","Partie rectiligne","           0","          52","Normale","Aucun","Sur accotement","          16"
"202000039867","2020-10-25T00:00:00.000000","    45.68861","   -0.314931","Route Départementale","          50","Partie rectiligne","           0","           7","Normale","Aucun","Sur chaussée","          16"
"202000039920","2020-10-26T00:00:00.000000","   45.512805","    0.166769","Route Départementale","          90","En courbe à gauche","           0","           7","Mouillée","Aucun","Sur chaussée","          16"
"202000040174","2020-03-13T00:00:00.000000","   46.652249","   -0.228031","Route nationale","          50","Partie rectiligne","           3","          21","Normale","Carrefour aménagé","Sur chaussée","          79"
"201900058788","2019-12-01T00:00:00.000000","   45.629405","   -0.262085","Route Départementale","          80","En courbe à gauche","           0","         5.4","Normale","Aucun","Sur accotement","          16"
"202000040556","2020-02-06T00:00:00.000000","  45.6606465","  -0.2972061","Route Départementale","          80","Partie rectiligne","           0","          64","Normale","Aucun","Sur accotement","          16"
"202000040820","2020-09-23T00:00:00.000000","    45.64129","     0.13169","Voie Communales","          50","Partie rectiligne","           0","          -1","Normale","Aucun","Sur chaussée","          16"
"202000041268","2020-01-08T00:00:00.000000","  45.9165654","   0.2439266","Route Départementale","          50","Partie rectiligne","           0","           5","Mouillée","Aucun","Sur chaussée","          16"
"202000041472","2020-05-28T00:00:00.000000","   45.539812","    0.171999","Route Départementale","          80","En courbe à droite","           0","          58","Normale","Aucun","Sur chaussée","          16"
"202000042055","2020-08-28T00:00:00.000000","    46.04379","    0.221141","Route Départementale","          80","Partie rectiligne","           0","          59","Normale","Aucun","Sur chaussée","          16"
"202000042697","2020-07-26T00:00:00.000000","  46.9632514","  -0.2099144","Route Départementale","          80","En courbe à droite","          82","          -1","Normale","Aucun","Sur accotement","          79"
"202000042886","2020-07-27T00:00:00.000000","   45.934837","    0.879684","Route Départementale","          80","En courbe à gauche","           0","          62","Normale","Aucun","Sur chaussée","          16"
"202000042961","2020-01-06T00:00:00.000000","   46.074511","    0.792409","Route Départementale","          80","En S","           0","           3","Normale","Aucun","Sur accotement","          16"
"202000044447","2020-06-27T00:00:00.000000","     45.6683","     0.49988","Route Départementale","          50","Partie rectiligne","           0","           7","Normale","Aucun","Sur accotement","          16"
"202000044449","2020-06-27T00:00:00.000000","   45.795255","     0.39802","Route Départementale","          80","Partie rectiligne","           0","          41","Normale","Aucun","Sur accotement","          16"
"202000044483","2020-06-26T00:00:00.000000","   45.702905","    0.271793","Route Départementale","          50","Partie rectiligne","           0","           7","Normale","Aucun","Sur chaussée","          16"
"202000044689","2020-08-25T00:00:00.000000","    46.32419","    -0.46771","Route Départementale","          50","Partie rectiligne","          25","          11","Normale","Aucun","Sur piste cyclable","          79"
"202000045046","2020-10-23T00:00:00.000000","   46.102846","    0.702326","Route Départementale","          50","Partie rectiligne","           0","          57","Mouillée","Carrefour aménagé","Sur chaussée","          16"
"202000045150","2020-10-23T00:00:00.000000","   45.622322","   -0.340544","Voie Communales","          80","Partie rectiligne","           0","          38","Mouillée","Aucun","Sur chaussée","          16"
"201900058830","2019-12-01T00:00:00.000000","   45.685437","    0.269144","Voie Communales","          50","En courbe à droite","           0","         2.4","Mouillée","Aucun","Sur chaussée","          16"
"202000045395","2020-10-20T00:00:00.000000","   45.694505","   -0.349301","Route nationale","          80","En courbe à droite","          28","           7","Mouillée","Aucun","Sur chaussée","          16"
"202000045552","2020-07-25T00:00:00.000000","   45.763392","    0.157413","Voie Communales","          70","Partie rectiligne","           0","          46","Normale","Aucun","Sur accotement","          16"
"202000046137","2020-03-09T00:00:00.000000","  45.9551148","   0.8448369","Route Départementale","          80","En S","           0","          47","Normale","Aucun","Sur accotement","          16"
"202000046489","2020-02-04T00:00:00.000000","   45.648224","    0.142386","Voie Communales","          50","Partie rectiligne","          25","           9","Normale","Aucun","Sur chaussée","          16"
"202000047252","2020-01-01T00:00:00.000000","   45.625957","   -0.209342","Route Départementale","          80","En S","           0","          55","Normale","Aucun","Sur accotement","          16"
"201900000162","2019-02-15T00:00:00.000000","  45.8720702","   0.6831036","Route nationale","          80","Partie rectiligne","           0","           7","Normale","Aucun","Sur chaussée","          16"
"201900000163","2019-02-16T00:00:00.000000","    45.66375","    0.496775","Route Départementale","          50","Partie rectiligne","           0","         5.8","Normale","Aucun","Sur chaussée","          16"
"201900000234","2019-05-29T00:00:00.000000","    45.68052","    0.065339","Route nationale","          70","En courbe à gauche","           0","           7","Normale","Autres","Sur chaussée","          16"
"201900000235","2019-05-23T00:00:00.000000","    45.72032","    0.120385","Route Départementale","          50","Partie rectiligne","           0","         4.8","Normale","Aucun","Sur chaussée","          16"
"201900000625","2019-11-30T00:00:00.000000","   45.677509","    0.458111","Route Départementale","          80","Partie rectiligne","           0","         5.8","Normale","Aucun","Sur chaussée","          16"
"201900000777","2019-09-19T00:00:00.000000","    45.69719","    -0.32285","Voie Communales","          50","Partie rectiligne","           0","         5.8","Normale","Aucun","Sur chaussée","          16"
"201900000882","2019-09-20T00:00:00.000000","   45.858949","    0.083896","Route Départementale","          80","En courbe à droite","           0","         4.2","Normale","Aucun","Sur chaussée","          16"
"201900001026","2019-02-17T00:00:00.000000","   45.665775","    0.035548","Route Départementale","          80","Partie rectiligne","           0","         4.8","Normale","Aucun","Sur accotement","          16"
"201900001459","2019-08-13T00:00:00.000000","    45.69216","    -0.34488","Route Départementale","          50","Partie rectiligne","           0","           7","Normale","Aucun","Sur chaussée","          16"
"201900001658","2019-06-04T00:00:00.000000","    45.58555","   -0.123172","Route Départementale","          80","En courbe à gauche","           0","         4.6","Normale","Aucun","Sur chaussée","          16"
"201900001743","2019-10-18T00:00:00.000000","     46.3471","      -0.295","Autoroute","         130","Partie rectiligne","          50","         140","Mouillée","Aucun","Sur chaussée","          79"
"201900001924","2019-11-29T00:00:00.000000","   45.762305","     0.03543","Route Départementale","          80","Partie rectiligne","           0","         5.4","Normale","Carrefour aménagé","Sur chaussée","          16"
"201900002994","2019-08-13T00:00:00.000000","   46.609602","   -0.235509","Route Départementale","          50","Partie rectiligne","          18","          65","Normale","Aucun","Sur chaussée","          79"
"201900003405","2019-06-07T00:00:00.000000","   46.970329","   -0.803806","Route nationale","         110","Partie rectiligne","          35","         140","Flaques","Aucun","Sur accotement","          79"
"201900003795","2019-09-26T00:00:00.000000","   45.652489","    0.177085","Voie Communales","          50","Partie rectiligne","           0","         3.1","Normale","Aucun","Sur chaussée","          16"
"201900003857","2019-10-18T00:00:00.000000","   47.755502","    7.297955","Autoroute","          70","En courbe à droite","           1","          35","Normale","Aucun","Sur chaussée","          68"
"201900004318","2019-02-10T00:00:00.000000","   48.749585","   -0.022671","Route Départementale","          70","En courbe à gauche","           2","       13.85","Mouillée","Aucun","Sur trottoir","          61"
"201900005660","2019-02-24T00:00:00.000000","   45.667687","    0.170298","Voie Communales","          50","Partie rectiligne","           0","         2.8","Normale","Aucun","Sur chaussée","          16"
"201900005723","2019-07-08T00:00:00.000000","   45.683788","     0.11282","Route Départementale","          70","Partie rectiligne","           0","         6.3","Normale","Autres","Sur chaussée","          16"
"201900006078","2019-02-08T00:00:00.000000","    45.67061","     0.17313","Voie Communales","          50","Partie rectiligne","           0","         8.6","Normale","Aucun","Sur chaussée","          16"
"201900006681","2019-10-21T00:00:00.000000","   46.069558","    0.199487","Route Départementale","          80","Partie rectiligne","           0","           7","Normale","Aucun","Sur accotement","          16"
"201900006853","2019-06-06T00:00:00.000000","     45.8115","      0.3139","Route Départementale","          80","Partie rectiligne","           0","         5.6","Normale","Aucun","Sur chaussée","          16"
"201900006854","2019-06-15T00:00:00.000000","   45.790802","    0.058901","Route Départementale","          80","En courbe à gauche","           0","         4.6","Normale","Aucun","Sur chaussée","          16"
"201900006855","2019-06-13T00:00:00.000000","    45.68317","    -0.06792","Route nationale","         110","Partie rectiligne","         2.5","          14","Normale","Aucun","Sur chaussée","          16"
"201900006856","2019-06-13T00:00:00.000000","   45.699475","    0.412191","Route Départementale","          80","Partie rectiligne","           0","         3.6","Normale","Aucun","Sur chaussée","          16"
"201900007158","2019-11-25T00:00:00.000000","   45.748525","    0.040083","Route Départementale","          80","Partie rectiligne","           0","           7","Normale","Aucun","Sur chaussée","          16"
"201900007239","2019-11-25T00:00:00.000000","   45.604986","    0.485159","Route Départementale","          80","Partie rectiligne","           0","         6.2","Mouillée","Aucun","Sur chaussée","          16"
"201900007981","2019-02-09T00:00:00.000000","    46.02642","    0.252207","Route Départementale","          80","Partie rectiligne","           0","         3.8","Mouillée","Aucun","Sur chaussée","          16"
"201900009004","2019-11-24T00:00:00.000000","   45.530072","   -0.059996","Route nationale","         110","Partie rectiligne","         2.5","          14","Mouillée","Aucun","Sur chaussée","          16"
"201900009124","2019-07-05T00:00:00.000000","    46.99252","    -0.21715","Route Départementale","          70","Partie rectiligne","          20","         140","Normale","Aucun","Sur chaussée","          79"
"201900009309","2019-11-30T00:00:00.000000","    45.70114","    -0.33242","Route Départementale","          50","Partie rectiligne","           0","         4.7","Mouillée","Aucun","Sur chaussée","          16"
"201900009694","2019-03-24T00:00:00.000000","    45.57545","   -0.147629","Route Départementale","          80","Partie rectiligne","           0","         5.4","Normale","Aucun","Sur chaussée","          16"
"201900011487","2019-09-15T00:00:00.000000","   45.850502","    0.760484","Route Départementale","          50","Partie rectiligne","           0","           6","Normale","Aucun","Sur chaussée","          16"
"201900011488","2019-09-14T00:00:00.000000","   45.709806","   -0.163229","Route Départementale","          80","Partie rectiligne","           0","         5.9","Normale","Aucun","Sur chaussée","          16"
"201900011597","2019-03-23T00:00:00.000000","  45.7572374","  -0.3827938","Voie Communales","          50","Partie rectiligne","           0","         4.1","Normale","Aucun","Sur chaussée","          16"
"201900011839","2019-02-07T00:00:00.000000","    46.06422","    0.231718","Route Départementale","          80","Partie rectiligne","           0","         5.2","Normale","Aucun","Sur chaussée","          16"
"201900011840","2019-02-07T00:00:00.000000","  45.6964358","  -0.1136409","Route nationale","         110","Partie rectiligne","           3","          14","Normale","Aucun","Sur bande d’arrêt d’urgence","          16"
"201900011866","2019-02-05T00:00:00.000000","   -22.27443","   166.44555","Voie Communales","          50","Partie rectiligne","         180","         190","Normale","Carrefour aménagé","Sur chaussée","         988"
"201900013048","2019-12-17T00:00:00.000000","   45.527727","    0.176168","Route Départementale","          80","Partie rectiligne","           0","           7","Normale","Aucun","Sur chaussée","          16"
"201900013313","2019-09-13T00:00:00.000000","   45.702247","    0.093766","Route Départementale","          70","En courbe à gauche","           0","           9","Normale","Carrefour aménagé","Sur chaussée","          16"
"201900013474","2019-03-20T00:00:00.000000","  45.7586062","  -0.4379457","Route Départementale","          80","Partie rectiligne","           0","         5.3","Normale","Aucun","Sur chaussée","          16"
"201900013716","2019-10-15T00:00:00.000000","    46.35598","    -0.38056","Route Départementale","          30","Partie rectiligne","          15","          65","Mouillée","Aucun","Sur chaussée","          79"
"201900013977","2019-04-30T00:00:00.000000","   45.921842","   -0.017359","Route Départementale","          80","Partie rectiligne","           0","         2.9","Normale","Chantier","Sur chaussée","          16"
"201900014197","2019-08-05T00:00:00.000000","    45.68996","    -0.31936","Route Départementale","          50","Partie rectiligne","           0","         105","Normale","Aucun","Sur chaussée","          16"
"201900014440","2019-07-05T00:00:00.000000","   45.695859","   -0.269916","Route Départementale","          80","En courbe à gauche","           0","         6.4","Normale","Aucun","Sur chaussée","          16"
"201900014732","2019-11-19T00:00:00.000000","   45.865001","    0.502669","Route Départementale","          80","En courbe à droite","           0","           4","Normale","Aucun","Sur accotement","          16"
"201900014733","2019-11-21T00:00:00.000000","   45.437124","   -0.079876","Route Départementale","          70","Partie rectiligne","           0","         5.2","Mouillée","Aucun","Sur accotement","          16"
"201900014734","2019-11-19T00:00:00.000000","   45.513358","    0.195743","Route Départementale","          80","Partie rectiligne","           0","           6","Normale","Aucun","Sur accotement","          16"
"201900014745","2019-11-20T00:00:00.000000","   46.403721","    -0.38383","Autoroute","          50","Partie rectiligne","          30","         140","Normale","Chantier","Sur chaussée","          79"
"201900015159","2019-03-17T00:00:00.000000","  45.7090355","  -0.1762583","Route Départementale","          80","En courbe à droite","           0","         5.4","Normale","Aucun","Sur chaussée","          16"
"201900015214","2019-09-14T00:00:00.000000","   45.619411","    0.323428","Route Départementale","          80","Partie rectiligne","           0","         4.2","Autre","Aucun","Sur chaussée","          16"
"201900015224","2019-09-13T00:00:00.000000","    46.38374","   -0.205222","Autoroute","         130","Partie rectiligne","          45","         145","Normale","Aucun","Sur chaussée","          79"
"201900015538","2019-10-09T00:00:00.000000","    46.34322","    -0.37879","Route Départementale","         110","Partie rectiligne","          60","         140","Normale","Bretelle d’échangeur ou de raccordement","Sur chaussée","          79"
"201900016265","2019-05-04T00:00:00.000000","    46.34111","    -0.39086","Route Départementale","         110","Partie rectiligne","         6.5","        13.5","Normale","Aucun","Sur chaussée","          79"
"201900016525","2019-11-20T00:00:00.000000","   46.067803","     0.19992","Route Départementale","          80","Partie rectiligne","         1.5","           6","Normale","Aucun","Sur accotement","          16"
"201900016571","2019-07-25T00:00:00.000000","    46.32583","    -0.41325","Route Départementale","          90","En courbe à droite","          30","         155","Normale","Aucun","Sur chaussée","          79"
"201900016763","2019-12-29T00:00:00.000000","   45.779014","   -0.063134","Route Départementale","          50","En courbe à gauche","           4","           7","Normale","Carrefour aménagé","Sur chaussée","          16"
"201900017495","2019-04-27T00:00:00.000000","   45.771714","    0.201188","Route Départementale","          80","Partie rectiligne","           0","           6","Normale","Aucun","Sur chaussée","          16"
"201900017496","2019-04-22T00:00:00.000000","   45.940751","    0.644805","Route Départementale","          80","Partie rectiligne","           0","         5.4","Normale","Carrefour aménagé","Sur chaussée","          16"
"201900017497","2019-04-18T00:00:00.000000","   45.679426","   -0.119361","Route Départementale","          50","Partie rectiligne","           0","         4.6","Normale","Aucun","Sur chaussée","          16"
"201900017498","2019-04-27T00:00:00.000000","   45.499127","   -0.123575","Route nationale","         110","Partie rectiligne","         2.5","          14","Mouillée","Aucun","Sur chaussée","          16"
"201900018725","2019-12-27T00:00:00.000000","   45.513895","    0.264037","Route Départementale","          80","En courbe à gauche","           0","         5.6","Normale","Aucun","Sur accotement","          16"
"201900019017","2019-09-11T00:00:00.000000","   46.645152","   -0.252021","Route Départementale","          50","Partie rectiligne","          20","          90","Normale","Autres","Sur chaussée","          79"
"201900019657","2019-07-01T00:00:00.000000","   45.709367","    0.078277","Route Départementale","          80","En courbe à droite","2.5999999046","           6","Normale","Aucun","Sur chaussée","          16"
"201900020192","2019-11-16T00:00:00.000000","   45.598948","    0.268697","Route Départementale","          80","Partie rectiligne","           0","        10.5","Mouillée","Carrefour aménagé","Sur chaussée","          16"
"201900020295","2019-03-16T00:00:00.000000","    45.81938","   0.4483784","Route Départementale","          50","En courbe à gauche","           0","         5.1","Normale","Carrefour aménagé","Sur trottoir","          16"
"201900020296","2019-03-14T00:00:00.000000","   45.878675","    0.500748","Route nationale","          70","Partie rectiligne","           0","           7","Normale","Aucun","Sur chaussée","          16"
"201900020345","2019-03-16T00:00:00.000000","   45.671097","    0.022133","Route nationale","          80","En courbe à droite","           0","        10.5","Mouillée","Carrefour aménagé","Sur chaussée","          16"
"201900020499","2019-12-26T00:00:00.000000","   45.534979","   -0.050281","Route nationale","         110","Partie rectiligne","         2.5","          14","Normale","Aucun","Sur chaussée","          16"
"201900020633","2019-02-01T00:00:00.000000","      45.688","     0.21846","Route nationale","         110","Partie rectiligne","           3","          14","Normale","Aucun","Sur chaussée","          16"
"201900021435","2019-06-28T00:00:00.000000","    46.29985","    -0.36734","Autoroute","         130","Partie rectiligne","          50","         175","Normale","Aucun","Sur chaussée","          79"
"201900021451","2019-07-01T00:00:00.000000","   46.842973","   -0.467103","Route nationale","         110","Partie rectiligne","          30","         140","Normale","Aucun","Sur chaussée","          79"
"202100008985","2021-11-07T00:00:00.000000","   46.134386","      0.1768","Route nationale","         110","Partie rectiligne","          27","          15","Mouillée","Aucun","Sur chaussée","          79"
"202100009017","2021-11-08T00:00:00.000000","   46.408274","   -0.144539","Autoroute","         130","Partie rectiligne","           4","          19","Normale","Aucun","Sur chaussée","          79"
"202100012919","2021-10-16T00:00:00.000000","    46.66211","   -0.238116","Voie Communales","          50","Partie rectiligne","          35","           0","Normale","Aucun","Sur chaussée","          79"
"202100013744","2021-10-04T00:00:00.000000","   46.937385","   -0.747601","Route nationale","         110","Partie rectiligne","           3","         135","Normale","Pont - autopont","Sur chaussée","          79"
"202100013990","2021-10-09T00:00:00.000000","   46.992284","    -0.19964","Voie Communales","          50","En courbe à gauche","          61","          -1","Normale","Aucun","Sur chaussée","          79"
"202100016732","2021-09-27T00:00:00.000000","   46.392959","    -0.19054","Autoroute","         130","En courbe à droite","          45","         145","Autre","Aucun","Sur bande d’arrêt d’urgence","          79"
"202100017472","2021-09-22T00:00:00.000000","    45.68208","    0.219946","Route Départementale","          50","Partie rectiligne","           0","          44","Normale","Aucun","Sur chaussée","          16"
"202100017557","2021-09-23T00:00:00.000000","   45.792658","    0.377221","Route Départementale","          80","En courbe à gauche","           0","           6","Normale","Aucun","Sur accotement","          16"
"202100017558","2021-09-23T00:00:00.000000","     45.8757","    0.176605","Route Départementale","          50","Partie rectiligne","           0","          54","Normale","Aucun","Sur chaussée","          16"
"202100019420","2021-09-13T00:00:00.000000","    46.03749","    0.214834","Route Départementale","          80","Partie rectiligne","           0","          52","Normale","Aucun","Sur chaussée","          16"
"202100020495","2021-09-06T00:00:00.000000","    46.34108","    -0.39114","Route Départementale","         110","Partie rectiligne","           6","          15","Normale","Aucun","Sur chaussée","          79"
"202100022355","2021-08-28T00:00:00.000000","   45.985002","    0.353832","Route Départementale","          70","En S","           0","          -1","Normale","Aucun","Sur chaussée","          16"
"202100022965","2021-08-23T00:00:00.000000","   45.709866","   -0.235681","Route Départementale","          80","En courbe à droite","           0","           6","Normale","Aucun","Sur chaussée","          16"
"202100023509","2021-08-20T00:00:00.000000","   45.807354","    0.452821","Route Départementale","          80","Partie rectiligne","           0","          38","Normale","Aucun","Sur chaussée","          16"
"201900054398","2019-05-22T00:00:00.000000","    46.07478","    0.699871","Route Départementale","          80","Partie rectiligne","           0","           6","Normale","Aucun","Sur chaussée","          16"
"202100023510","2021-08-19T00:00:00.000000","   45.893899","    0.190914","Route nationale","         110","En courbe à gauche","          65","          14","Normale","Aucun","Sur bande d’arrêt d’urgence","          16"
"202100024290","2021-07-20T00:00:00.000000","     45.6813","   -0.294699","Route nationale","          70","Partie rectiligne","           0","           7","Normale","Aucun","Sur chaussée","          16"
"202100024410","2021-08-12T00:00:00.000000","   45.920103","    0.196508","Route nationale","         110","Partie rectiligne","          65","          10","Normale","Aucun","Sur bande d’arrêt d’urgence","          16"
"202100024465","2021-08-13T00:00:00.000000","   45.686167","    0.205033","Route nationale","         110","En courbe à droite","          25","          14","Normale","Aucun","Sur chaussée","          16"
"202100024668","2021-08-11T00:00:00.000000","    45.78467","    0.342148","Route Départementale","          50","Partie rectiligne","           0","           6","Normale","Aucun","Sur chaussée","          16"
"202100025374","2021-08-07T00:00:00.000000","   45.626044","    0.363085","Route Départementale","          90","Partie rectiligne","           0","          58","Normale","Aucun","Sur chaussée","          16"
"202100025533","2021-08-05T00:00:00.000000","   46.073738","    0.234134","Route Départementale","          80","En courbe à gauche","           0","           3","Normale","Aucun","Sur accotement","          16"
"202100025815","2021-08-03T00:00:00.000000","   45.599284","    0.268629","Route Départementale","          90","Partie rectiligne","           0","         105","Normale","Carrefour aménagé","Sur chaussée","          16"
"202100026063","2021-08-01T00:00:00.000000","   45.566181","    0.122263","Voie Communales","          50","Partie rectiligne","           0","          43","Mouillée","Aucun","Sur accotement","          16"
"202100027027","2021-07-26T00:00:00.000000","   45.760272","    0.009911","Route Départementale","          80","En courbe à gauche","           0","          66","Normale","Aucun","Sur chaussée","          16"
"202100027279","2021-07-25T00:00:00.000000","   45.751298","   -0.258212","Route Départementale","          80","Partie rectiligne","           0","          48","Mouillée","Aucun","Sur accotement","          16"
"202100027635","2021-07-22T00:00:00.000000","45.871420885","0.2628223176","Voie Communales","          70","En courbe à gauche","           0","          34","Normale","Aucun","Autres","          16"
"202100027831","2021-07-21T00:00:00.000000","   45.874406","    0.719669","Route Départementale","          50","Partie rectiligne","           0","           7","Normale","Pont - autopont","Sur chaussée","          16"
"202100027832","2021-07-22T00:00:00.000000","   45.615115","    0.293575","Route Départementale","          80","En courbe à droite","           0","          54","Normale","Aucun","Sur accotement","          16"
"201900054399","2019-05-17T00:00:00.000000","   45.985227","    0.677586","Route Départementale","          80","Partie rectiligne","           0","         700","Normale","Aucun","Sur chaussée","          16"
"202100028029","2021-07-20T00:00:00.000000","     45.8552","    0.431438","Route Départementale","          80","En courbe à droite","           0","          47","Normale","Aucun","Sur accotement","          16"
"202100028030","2021-07-21T00:00:00.000000","   45.885565","    0.577485","Route nationale","          50","Partie rectiligne","           0","           7","Normale","Aucun","Sur chaussée","          16"
"202100028222","2021-07-17T00:00:00.000000","   45.864138","     0.30764","Route Départementale","          80","En courbe à droite","           0","          38","Normale","Aucun","Sur chaussée","          16"
"202100028302","2021-07-17T00:00:00.000000","    45.68195","    -0.29872","Route nationale","          70","Partie rectiligne","           0","           7","Normale","Aucun","Sur chaussée","          16"
"202100028741","2021-07-16T00:00:00.000000","   45.892323","    0.340812","Route Départementale","          80","Partie rectiligne","           0","           6","Normale","Aucun","Sur accotement","          16"
"202100029509","2021-07-12T00:00:00.000000","   45.598771","   -0.319998","Route Départementale","          80","En S","           0","           7","Normale","Aucun","Sur chaussée","          16"
"202100030144","2021-04-02T00:00:00.000000","   45.653453","    0.147903","Voie Communales","          50","En courbe à gauche","           0","         105","Normale","Aucun","Sur chaussée","          16"
"202100031687","2021-07-01T00:00:00.000000","   45.621208","    0.256854","Route Départementale","          80","En courbe à droite","           0","           6","Normale","Aucun","Sur chaussée","          16"
"202100032765","2021-06-23T00:00:00.000000","   45.424984","   -0.208011","Voie Communales","          80","Partie rectiligne","           0","          42","Normale","Aucun","Sur chaussée","          16"
"202100033360","2021-06-11T00:00:00.000000","   45.692951","   -0.327449","Voie Communales","          50","Partie rectiligne","           0","           8","Normale","Aucun","Sur chaussée","          16"
"202100033911","2021-06-17T00:00:00.000000","   46.049133","     0.11068","Route Départementale","          80","Partie rectiligne","           0","          56","Normale","Aucun","Sur chaussée","          16"
"202100033942","2021-06-18T00:00:00.000000","   45.748581","    0.367388","Route nationale","         110","Partie rectiligne","          25","          14","Mouillée","Aucun","Sur chaussée","          16"
"202100034371","2021-06-15T00:00:00.000000","   45.953681","    0.589015","Voie Communales","          80","En courbe à gauche","           0","          38","Normale","Aucun","Sur chaussée","          16"
"202100034501","2021-06-14T00:00:00.000000","   46.014612","    0.675549","Route Départementale","          50","Partie rectiligne","           0","           6","Normale","Aucun","Sur chaussée","          16"
"201900054400","2019-05-13T00:00:00.000000","    46.03201","    0.641392","Route Départementale","          80","Partie rectiligne","           0","          11","Normale","Carrefour aménagé","Sur chaussée","          16"
"202100034572","2021-06-13T00:00:00.000000","    43.30489","    -0.40138","Route Départementale","          30","En courbe à gauche","           6","          -1","Normale","Aucun","Sur piste cyclable","          64"
"202100034855","2021-06-13T00:00:00.000000","   45.881323","    0.569733","Route nationale","          70","En courbe à droite","           0","           7","Normale","Chantier","Sur chaussée","          16"
"202100035618","2021-06-09T00:00:00.000000","   45.811216","    0.004457","Route Départementale","          80","En courbe à droite","           0","           4","Normale","Aucun","Sur chaussée","          16"
"202100035790","2021-06-07T00:00:00.000000","    45.57156","   -0.046746","Route Départementale","          50","Partie rectiligne","           0","          55","Normale","Aucun","Sur chaussée","          16"
"202100035926","2021-06-05T00:00:00.000000","    45.67681","     -0.3208","Route nationale","          80","Partie rectiligne","           0","           7","Normale","Aucun","Sur chaussée","          16"
"202100036308","2021-06-06T00:00:00.000000","   46.937261","   -0.747623","Route nationale","         110","Partie rectiligne","           3","          14","Normale","Aucun","Sur chaussée","          79"
"202100037571","2021-05-29T00:00:00.000000","    46.32681","    -0.45049","Voie Communales","          50","Partie rectiligne","           4","          15","Normale","Non renseigné","Sur chaussée","          79"
"202100037707","2021-05-23T00:00:00.000000","   45.667965","    0.094521","Route Départementale","          50","Partie rectiligne","           0","          56","Normale","Aucun","Sur chaussée","          16"
"202100038245","2021-05-25T00:00:00.000000","    45.85918","   -0.003251","Voie Communales","          80","En courbe à gauche","           0","          32","Normale","Aucun","Sur chaussée","          16"
"202100038472","2021-05-26T00:00:00.000000","   45.694233","    0.185753","Voie Communales","          50","Partie rectiligne","           0","           6","Normale","Aucun","Sur accotement","          16"
"202100038670","2021-05-24T00:00:00.000000","   45.654951","   -0.292605","Route Départementale","          70","En courbe à gauche","           0","          52","Mouillée","Aucun","Sur chaussée","          16"
"202100039025","2021-05-22T00:00:00.000000","   45.416688","   -0.190925","Route Départementale","          80","Partie rectiligne","           0","           5","Normale","Aucun","Sur chaussée","          16"
"202100040107","2021-05-14T00:00:00.000000","   45.991675","    0.351171","Voie Communales","          80","En courbe à gauche","           0","          36","Normale","Aucun","Sur accotement","          16"
"202100041545","2021-05-02T00:00:00.000000","   45.680703","   -0.328473","Route Départementale","          50","Partie rectiligne","           0","           7","Normale","Aucun","Sur chaussée","          16"
"201900054402","2019-05-18T00:00:00.000000","   45.430686","   -0.155628","Route Départementale","          80","Partie rectiligne","           0","           7","Normale","Aucun","Sur chaussée","          16"
"202100041834","2021-05-02T00:00:00.000000","   45.638857","   -0.263543","Route Départementale","          80","Partie rectiligne","           0","          48","Normale","Aucun","Sur accotement","          16"
"202100042010","2021-04-28T00:00:00.000000","    46.31564","    -0.48134","Voie Communales","          50","Partie rectiligne","          63","          -1","Normale","Aucun","Sur chaussée","          79"
"202100043179","2021-04-20T00:00:00.000000","   45.668519","   -0.326346","Route Départementale","          50","Partie rectiligne","           0","          62","Normale","Aucun","Sur chaussée","          16"
"202100043385","2021-04-20T00:00:00.000000","   45.789223","    0.342231","Route Départementale","          50","En courbe à droite","           0","          39","Normale","Aucun","Sur accotement","          16"
"202100043780","2021-04-16T00:00:00.000000","    45.69496","    -0.34835","Voie Communales","          50","Partie rectiligne","           0","          36","Normale","Aucun","Sur chaussée","          16"
"202100044101","2021-04-15T00:00:00.000000","   45.712259","    0.176665","Route nationale","         110","En courbe à gauche","          25","          14","Normale","Aucun","Sur bande d’arrêt d’urgence","          16"
"202100044188","2021-04-13T00:00:00.000000","   45.940328","    0.113519","Voie Communales","          80","En courbe à gauche","           0","          36","Normale","Aucun","Sur chaussée","          16"
"202100044281","2021-04-09T00:00:00.000000","    45.69801","    -0.32773","Voie Communales","          50","En courbe à gauche","           0","          64","Normale","Aucun","Sur chaussée","          16"
"202100044407","2021-04-12T00:00:00.000000","   46.067913","     0.19998","Route Départementale","          80","Partie rectiligne","          16","          54","Normale","Aucun","Sur accotement","          16"
"202100044547","2021-04-08T00:00:00.000000","    46.33532","    -0.41014","Route Départementale","          90","Partie rectiligne","           4","          75","Normale","Aucun","Sur chaussée","          79"
"202100044630","2021-04-09T00:00:00.000000","   45.471722","   -0.154329","Voie Communales","          50","Partie rectiligne","           0","          24","Normale","Aucun","Sur chaussée","          16"
"202100044752","2021-04-09T00:00:00.000000","   46.071303","    0.671915","Route Départementale","          50","En courbe à gauche","           0","          54","Normale","Aucun","Sur chaussée","          16"
"202100044888","2021-04-08T00:00:00.000000","   45.996799","    0.254885","Route Départementale","          80","Partie rectiligne","           0","          42","Normale","Aucun","Sur chaussée","          16"
"202100045305","2021-04-03T00:00:00.000000","   45.794398","    0.191301","Route Départementale","          50","Partie rectiligne","           0","           6","Normale","Aucun","Sur chaussée","          16"
"201900054403","2019-05-01T00:00:00.000000","   45.408966","   -0.231146","Route Départementale","          80","En courbe à droite","           0","         5.2","Mouillée","Aucun","Sur chaussée","          16"
"202100045306","2021-04-04T00:00:00.000000","   45.958698","    0.554338","Voie Communales","          80","Partie rectiligne","           0","           3","Normale","Aucun","Sur chaussée","          16"
"202100045307","2021-04-03T00:00:00.000000","   45.392543","   -0.212302","Route Départementale","          90","Partie rectiligne","           0","          58","Normale","Aucun","Sur chaussée","          16"
"202100045689","2021-04-02T00:00:00.000000","   45.455568","   -0.148146","Voie Communales","          90","Partie rectiligne","           0","          39","Normale","Aucun","Sur accotement","          16"
"202100045877","2021-04-01T00:00:00.000000","   45.753107","   -0.338902","Route Départementale","          80","En courbe à droite","           0","          57","Normale","Aucun","Sur accotement","          16"
"202100046452","2021-03-27T00:00:00.000000","   45.863548","    0.182133","Route Départementale","          50","Partie rectiligne","           0","           7","Normale","Aucun","Sur chaussée","          16"
"202100046472","2021-03-27T00:00:00.000000","   45.728158","    0.110314","Route Départementale","          80","En courbe à droite","           0","          36","Normale","Aucun","Sur accotement","          16"
"202100046837","2021-03-25T00:00:00.000000","   45.861538","    0.461552","Route Départementale","          70","En S","           0","          36","Normale","Aucun","Sur accotement","          16"
"202100047867","2021-03-16T00:00:00.000000","   46.012883","    0.671024","Route Départementale","          50","En courbe à gauche","           0","          26","Normale","Aucun","Sur chaussée","          16"
"202100048333","2021-03-12T00:00:00.000000","   45.680182","    0.503279","Route Départementale","          80","Partie rectiligne","           0","          56","Normale","Aucun","Sur accotement","          16"
"202100048479","2021-03-09T00:00:00.000000","  45.2757661","    0.051798","Voie Communales","          50","Partie rectiligne","          37","           0","Normale","Aucun","Sur chaussée","          16"
"202100048633","2021-03-11T00:00:00.000000","    45.62368","    0.282898","Route Départementale","          80","En courbe à gauche","           0","          44","Mouillée","Aucun","Sur accotement","          16"
"202100049317","2021-03-05T00:00:00.000000","   46.101945","    0.466461","Route Départementale","          80","Partie rectiligne","           0","           5","Normale","Aucun","Sur chaussée","          16"
"202100049651","2021-03-01T00:00:00.000000","    45.64935","     0.15954","Voie Communales","          50","En courbe à gauche","          28","           0","Normale","Aucun","Sur chaussée","          16"
"202100050039","2021-02-26T00:00:00.000000","   45.681407","    -0.32858","Route Départementale","          50","En courbe à gauche","           4","           6","Normale","Carrefour aménagé","Sur chaussée","          16"
"201900054404","2019-05-15T00:00:00.000000","   45.783617","    0.343525","Route Départementale","          80","Partie rectiligne","           0","         6.4","Normale","Aucun","Sur chaussée","          16"
"202100050522","2021-02-23T00:00:00.000000","   46.007119","    0.640284","Route Départementale","          90","Partie rectiligne","           0","          13","Normale","Carrefour aménagé","Sur chaussée","          16"
"202100050708","2021-02-21T00:00:00.000000","   45.678923","   -0.046574","Route nationale","          80","Partie rectiligne","           0","           7","Normale","Aucun","Sur chaussée","          16"
"202100050820","2021-02-19T00:00:00.000000","   45.277121","    0.188892","Route Départementale","          80","Partie rectiligne","           0","          44","Normale","Aucun","Autres","          16"
"202100050910","2021-02-19T00:00:00.000000","   45.693834","   -0.347862","Route nationale","          50","En courbe à gauche","          40","          75","Normale","Aucun","Sur chaussée","          16"
"202100051354","2021-02-16T00:00:00.000000","    45.92383","    0.754589","Route Départementale","          80","En courbe à gauche","           0","          62","Autre","Aucun","Sur chaussée","          16"
"202100051622","2021-02-14T00:00:00.000000","   45.879134","    0.565791","Route nationale","          70","Partie rectiligne","           0","           7","Normale","Aucun","Sur chaussée","          16"
"202100052177","2021-02-08T00:00:00.000000","   45.762381","    0.202968","Route Départementale","          80","En courbe à droite","           0","          38","Mouillée","Aucun","Sur accotement","          16"
"202100052942","2021-01-18T00:00:00.000000","   45.566768","    0.019741","Route nationale","          90","Partie rectiligne","         125","          14","Normale","Aucun","Sur chaussée","          16"
"202100053797","2021-01-26T00:00:00.000000","   45.873517","    0.812666","Route Départementale","          30","Partie rectiligne","           8","          56","Normale","Pont - autopont","Autres","          16"
"202100054638","2021-01-19T00:00:00.000000","   45.944406","    0.866375","Route Départementale","          70","Partie rectiligne","           0","          56","Normale","Aucun","Sur chaussée","          16"
"202100054704","2021-01-17T00:00:00.000000","   46.074135","    0.102825","Voie Communales","          50","Partie rectiligne","           0","          29","Normale","Aucun","Sur accotement","          16"
"202100055052","2021-01-14T00:00:00.000000","    45.62939","     0.13829","Route Départementale","          70","Partie rectiligne","           0","         105","Normale","Aucun","Sur chaussée","          16"
"202100055095","2021-01-15T00:00:00.000000","   45.611749","    -0.22956","Route Départementale","          80","Partie rectiligne","           0","          54","Normale","Aucun","Sur accotement","          16"
"202100055259","2021-01-08T00:00:00.000000","   46.349964","   -0.342829","Route Départementale","         110","Partie rectiligne","          13","          14","Mouillée","Bretelle d’échangeur ou de raccordement","Sur chaussée","          79"
"201900054405","2019-05-14T00:00:00.000000","   45.719919","    0.381978","Route Départementale","          30","En courbe à gauche","           0","         5.6","Normale","Aucun","Sur chaussée","          16"
"202100055582","2021-01-11T00:00:00.000000","    46.20324","   -0.094285","Route Départementale","          80","En courbe à gauche","          68","          -1","Verglacée","Aucun","Sur accotement","          79"
"202100055702","2021-01-10T00:00:00.000000","   45.611255","   -0.067897","Route Départementale","          80","Partie rectiligne","           0","          66","Normale","Aucun","Sur chaussée","          16"
"202100055713","2021-01-10T00:00:00.000000","   45.867003","    0.180995","Route Départementale","          50","En courbe à droite","           0","           7","Normale","Aucun","Sur chaussée","          16"
"202100055869","2021-01-09T00:00:00.000000","   45.920924","    0.137094","Route Départementale","          50","Partie rectiligne","           0","           4","Normale","Aucun","Sur accotement","          16"
"202100055900","2021-01-07T00:00:00.000000","    46.34514","     -0.3689","Route Départementale","         110","Partie rectiligne","           6","          14","Normale","Aucun","Sur chaussée","          79"
"202100056053","2021-01-05T00:00:00.000000","   45.697095","   -0.322549","Voie Communales","          50","Partie rectiligne","           0","          54","Normale","Aucun","Sur chaussée","          16"
"202100056209","2021-01-06T00:00:00.000000","   45.399866","   -0.251377","Route Départementale","          80","En courbe à droite","           0","          49","Mouillée","Aucun","Sur chaussée","          16"
"202100056210","2021-01-06T00:00:00.000000","   45.588125","    0.149989","Route Départementale","          70","En courbe à gauche","           0","           7","Normale","Aucun","Sur chaussée","          16"
"202100056316","2021-01-05T00:00:00.000000","   45.692139","    0.234651","Route nationale","         110","Partie rectiligne","          25","          14","Normale","Aucun","Sur chaussée","          16"
"202100056375","2021-01-04T00:00:00.000000","   45.616626","    0.276493","Route Départementale","          80","Partie rectiligne","           0","           6","Normale","Aucun","Sur accotement","          16"
"202000000068","2020-03-08T00:00:00.000000","  45.4828155","   0.3402236","Route Départementale","          80","Partie rectiligne","           0","           6","Normale","Aucun","Sur accotement","          16"
"202000000572","2020-10-19T00:00:00.000000","   45.855386","    0.002571","Route Départementale","          90","Partie rectiligne","           0","          44","Normale","Aucun","Sur chaussée","          16"
"202000000578","2020-10-20T00:00:00.000000","   45.676293","   -0.035189","Route Départementale","          80","Partie rectiligne","           0","          56","Mouillée","Aucun","Sur accotement","          16"
"202000001181","2020-03-07T00:00:00.000000","  46.0373503","   0.6712218","Route Départementale","          80","En S","           0","          -1","Mouillée","Aucun","Sur trottoir","          16"
"201900054406","2019-05-11T00:00:00.000000","   45.501767","    0.168647","Route Départementale","          80","En courbe à gauche","           0","         5.7","Mouillée","Aucun","Sur chaussée","          16"
"202000001182","2020-02-07T00:00:00.000000","   45.993213","    0.643376","Route Départementale","          30","Partie rectiligne","          32","           4","Normale","Carrefour aménagé","Sur chaussée","          16"
"202000002192","2020-02-03T00:00:00.000000","  45.3806958","   0.1157945","Route Départementale","          80","Partie rectiligne","           0","          66","Normale","Aucun","Sur chaussée","          16"
"202000002597","2020-12-17T00:00:00.000000","    45.69802","    -0.32777","Voie Communales","          50","En courbe à gauche","           0","           6","Normale","Aucun","Sur chaussée","          16"
"202000002932","2020-05-20T00:00:00.000000","   45.891193","    0.668714","Route Départementale","          50","Partie rectiligne","           0","          58","Normale","Autres","Sur chaussée","          16"
"202000002933","2020-05-20T00:00:00.000000","   46.045702","     0.62303","Route Départementale","          80","Partie rectiligne","           0","           7","Normale","Aucun","Sur chaussée","          16"
"202000003413","2020-09-19T00:00:00.000000","   45.736231","    0.061637","Route Départementale","          90","Partie rectiligne","           0","           6","Mouillée","Aucun","Sur accotement","          16"
"202000003414","2020-09-19T00:00:00.000000","   45.867997","    0.784639","Route Départementale","          80","En courbe à droite","           0","          54","Mouillée","Aucun","Sur chaussée","          16"
"202000004137","2020-08-23T00:00:00.000000","   45.563399","    -0.05616","Voie Communales","          50","Partie rectiligne","           0","          32","Normale","Aucun","Sur chaussée","          16"
"202000004951","2020-05-18T00:00:00.000000","   45.447178","     0.13867","Route Départementale","          80","En courbe à gauche","           0","           7","Normale","Aucun","Sur chaussée","          16"
"202000005333","2020-09-17T00:00:00.000000","   45.742311","    0.111344","Voie Communales","          80","Partie rectiligne","           0","          36","Normale","Aucun","Sur chaussée","          16"
"202000005920","2020-07-21T00:00:00.000000","   45.642873","   -0.383376","Route Départementale","          50","Partie rectiligne","           0","          59","Normale","Aucun","Sur chaussée","          16"
"202000006180","2020-08-22T00:00:00.000000","    45.52191","   -0.092488","Route nationale","         110","Partie rectiligne","          25","          14","Normale","Aucun","Sur chaussée","          16"
"202000006181","2020-08-22T00:00:00.000000","     45.5616","    0.231603","Route Départementale","          80","En courbe à droite","           0","          47","Normale","Aucun","Sur accotement","          16"
"202000006809","2020-05-17T00:00:00.000000","   45.520905","   -0.098689","Route nationale","         110","En courbe à gauche","          25","          14","Normale","Aucun","Sur chaussée","          16"
"201900054816","2019-02-19T00:00:00.000000","  45.6578844","   0.2502822","Route Départementale","          50","Partie rectiligne","           0","         5.7","Normale","Aucun","Sur chaussée","          16"
"202000006810","2020-05-18T00:00:00.000000","   45.585982","    0.132029","Route Départementale","          80","Partie rectiligne","           0","          53","Normale","Aucun","Sur chaussée","          16"
"202000007445","2020-01-30T00:00:00.000000","   45.521441","   -0.096935","Route nationale","         110","En courbe à gauche","          25","         105","Mouillée","Aucun","Sur accotement","          16"
"202000007540","2020-06-19T00:00:00.000000","   45.634927","    0.154182","Voie Communales","          50","Partie rectiligne","           0","          65","Normale","Aucun","Sur chaussée","          16"
"202000007575","2020-07-20T00:00:00.000000","     45.6363","    0.207591","Voie Communales","          50","Partie rectiligne","           3","           6","Normale","Aucun","Sur chaussée","          16"
"202000007703","2020-06-19T00:00:00.000000","  45.8841155","   0.5962469","Route nationale","          70","Partie rectiligne","           0","           7","Normale","Aucun","Sur chaussée","          16"
"202000007704","2020-07-21T00:00:00.000000","   45.954384","     0.20127","Route nationale","          90","Partie rectiligne","           8","          14","Normale","Aucun","Sur chaussée","          16"
"202000007705","2020-06-19T00:00:00.000000","   45.966637","    0.869536","Route Départementale","          80","En courbe à droite","           0","          56","Normale","Aucun","Sur accotement","          16"
"202000007706","2020-07-20T00:00:00.000000","   46.124725","    0.756129","Route Départementale","          80","En courbe à droite","           0","          52","Normale","Aucun","Sur chaussée","          16"
"202000007959","2020-10-14T00:00:00.000000","    45.63719","    0.128524","Voie Communales","          50","Partie rectiligne","           0","         105","Normale","Carrefour aménagé","Sur chaussée","          16"
"202000008630","2020-11-22T00:00:00.000000","    45.68149","    -0.32853","Route Départementale","          50","Partie rectiligne","          35","           5","Mouillée","Carrefour aménagé","Sur chaussée","          16"
"202000008819","2020-05-16T00:00:00.000000","   45.802777","    0.138617","Route Départementale","          50","Partie rectiligne","           0","          56","Normale","Aucun","Sur chaussée","          16"
"202000009459","2020-07-19T00:00:00.000000","   45.930229","    0.647635","Route Départementale","          80","Partie rectiligne","           0","          54","Normale","Aucun","Sur accotement","          16"
"202000009610","2020-07-18T00:00:00.000000","   45.651518","    0.528835","Route Départementale","          80","En S","           0","           6","Normale","Aucun","Sur chaussée","          16"
"202000009716","2020-06-19T00:00:00.000000","   45.847891","    0.288624","Voie Communales","          50","Partie rectiligne","           0","          55","Normale","Aucun","Sur chaussée","          16"
"201900054883","2019-02-16T00:00:00.000000","   -22.24968","   166.45035","Autoroute","          70","En courbe à droite","          30","         140","Mouillée","Aucun","Sur chaussée","         988"
"202000010218","2020-12-31T00:00:00.000000","   45.707547","    0.083224","Route Départementale","          70","Partie rectiligne","           0","          62","Normale","Aucun","Sur chaussée","          16"
"202000010407","2020-11-24T00:00:00.000000","   45.578642","   -0.059288","Route Départementale","          80","Partie rectiligne","           0","          54","Normale","Aucun","Sur chaussée","          16"
"202000010419","2020-11-23T00:00:00.000000","   45.312465","    0.263736","Route Départementale","          80","Partie rectiligne","           0","          66","Normale","Aucun","Sur chaussée","          16"
"202000010669","2020-05-14T00:00:00.000000","   46.039399","     0.77827","Route Départementale","          80","Partie rectiligne","           0","          49","Normale","Aucun","Sur bande d’arrêt d’urgence","          16"
"202000011136","2020-01-27T00:00:00.000000","   45.640041","    0.118669","Route nationale","         110","Partie rectiligne","          25","          14","Normale","Bretelle d’échangeur ou de raccordement","Sur chaussée","          16"
"202000011308","2020-09-12T00:00:00.000000","   45.685613","   -0.288915","Route Départementale","          50","En S","           0","          55","Normale","Aucun","Sur chaussée","          16"
"202000011942","2020-10-11T00:00:00.000000","   45.633047","    0.561644","Route Départementale","          80","Partie rectiligne","           0","          62","Mouillée","Aucun","Sur chaussée","          16"
"202000012095","2020-08-17T00:00:00.000000","   45.446253","    0.138755","Route Départementale","          90","En courbe à gauche","           0","           7","Normale","Aucun","Sur accotement","          16"
"202000012165","2020-12-29T00:00:00.000000","   45.671567","    0.500488","Route Départementale","          50","En courbe à gauche","           0","           7","Mouillée","Aucun","Sur accotement","          16"
"202000012629","2020-05-11T00:00:00.000000","    45.68571","    -0.28892","Route Départementale","          50","En S","           0","           5","Normale","Aucun","Sur chaussée","          16"
"202000012940","2020-02-29T00:00:00.000000","  45.8748091","   0.1790806","Route Départementale","          50","Partie rectiligne","           0","          49","Normale","Aucun","Sur chaussée","          16"
"202000012942","2020-03-01T00:00:00.000000","   45.729906","    0.390632","Route Départementale","          80","En courbe à droite","           0","          64","Mouillée","Aucun","Sur accotement","          16"
"202000013371","2020-09-13T00:00:00.000000","   45.611599","   -0.229722","Route Départementale","          80","Partie rectiligne","           0","          48","Normale","Aucun","Sur accotement","          16"
"202000013408","2020-08-15T00:00:00.000000","   46.028958","    0.645972","Route Départementale","          90","Partie rectiligne","           0","           7","Normale","Aucun","Sur accotement","          16"
"201900055757","2019-07-13T00:00:00.000000","   46.347744","   -0.317424","Autoroute","         130","Partie rectiligne","          30","         170","Normale","Aucun","Sur chaussée","          79"
"202000014180","2020-12-23T00:00:00.000000","    45.60697","    0.086923","Route Départementale","          50","Partie rectiligne","           0","           7","Normale","Aucun","Sur chaussée","          16"
"202000014738","2020-01-23T00:00:00.000000","    46.33334","    -0.48115","Route Départementale","          70","Partie rectiligne","           3","          12","Normale","Aucun","Sur chaussée","          79"
"202000015178","2020-07-15T00:00:00.000000","   45.505565","    -0.18386","Route Départementale","          80","Partie rectiligne","           0","          48","Normale","Aucun","Sur chaussée","          16"
"202000016401","2020-05-06T00:00:00.000000","   45.786074","    0.339723","Route Départementale","          50","Partie rectiligne","          35","           6","Normale","Autres","Sur chaussée","          16"
"202000016402","2020-05-07T00:00:00.000000","  47.7509306","   4.4963612","Voie Communales","          50","En courbe à gauche","           0","         685","Normale","Autres","Autres","          21"
"202000016466","2020-05-05T00:00:00.000000","   45.231046","    0.069212","Route Départementale","          80","En courbe à gauche","           0","           5","Normale","Aucun","Sur chaussée","          16"
"202000016467","2020-05-06T00:00:00.000000","    47.88262","    4.564079","Route Départementale","          90","Partie rectiligne","           0","          72","Normale","Aucun","Sur chaussée","          21"
"202000016958","2020-02-21T00:00:00.000000","    46.33644","    -0.45082","Route Départementale","          50","Partie rectiligne","          15","          85","Mouillée","Pont - autopont","Sur chaussée","          79"
"202000018063","2020-12-21T00:00:00.000000","   45.664492","    0.200744","Voie Communales","          50","Partie rectiligne","           0","          33","Mouillée","Aucun","Sur chaussée","          16"
"202000018263","2020-11-14T00:00:00.000000","   45.861903","    0.790833","Route Départementale","          80","Partie rectiligne","           0","          56","Mouillée","Aucun","Sur accotement","          16"
"202000018300","2020-05-02T00:00:00.000000","    45.60938","     0.08533","Voie Communales","          50","Partie rectiligne","           0","           5","Normale","Aucun","Sur chaussée","          16"
"202000018406","2020-04-30T00:00:00.000000","  45.8641815","   0.5364704","Route nationale","          50","En courbe à gauche","           0","           7","Mouillée","Aucun","Sur chaussée","          16"
"202000018627","2020-01-23T00:00:00.000000","  45.7678927","  -0.0299223","Route Départementale","          50","Partie rectiligne","           0","          66","Normale","Carrefour aménagé","Sur chaussée","          16"
"202000018665","2020-07-14T00:00:00.000000","   46.095127","    0.704514","Route Départementale","          80","Partie rectiligne","           0","           7","Normale","Aucun","Sur accotement","          16"
"201900056245","2019-05-02T00:00:00.000000","   46.401085","    -0.15956","Autoroute","         130","Partie rectiligne","         5.5","          14","Normale","Aucun","Sur chaussée","          79"
"202000019206","2020-09-11T00:00:00.000000","      45.466","   -0.182653","Route Départementale","          70","Partie rectiligne","           0","          54","Normale","Aucun","Sur chaussée","          16"
"202000019466","2020-08-11T00:00:00.000000","   45.881606","     0.73808","Parc de stationnement ouvert à la circulation publique","          -1","Partie rectiligne","           0","          26","Normale","Autres","Autres","          16"
"202000019530","2020-08-12T00:00:00.000000","   45.694445","    0.185897","Voie Communales","          50","Partie rectiligne","           0","          64","Normale","Aucun","Sur chaussée","          16"
"202000020102","2020-11-13T00:00:00.000000","   45.932955","    0.066201","Voie Communales","          50","Partie rectiligne","           0","          28","Normale","Aucun","Sur accotement","          16"
"202000020442","2020-01-21T00:00:00.000000","   45.649178","    0.175071","Voie Communales","          50","Partie rectiligne","          75","           8","Normale","Carrefour aménagé","Sur chaussée","          16"
"202000020696","2020-07-11T00:00:00.000000","   45.694344","    0.180042","Voie Communales","          50","Partie rectiligne","           4","           7","Normale","Aucun","Sur chaussée","          16"
"202000021138","2020-09-09T00:00:00.000000","   45.577023","   -0.299489","Voie Communales","          50","En courbe à gauche","           0","          38","Normale","Aucun","Sur chaussée","          16"
"202000021231","2020-06-09T00:00:00.000000","   45.700267","    0.006603","Route Départementale","          80","Partie rectiligne","           0","           4","Normale","Aucun","Sur accotement","          16"
"202000021287","2020-06-09T00:00:00.000000","    45.63224","     0.21675","Route Départementale","          70","Partie rectiligne","          35","          65","Normale","Aucun","Sur chaussée","          16"
"202000021485","2020-08-08T00:00:00.000000","   46.015321","    0.218295","Hors réseau public","          50","Partie rectiligne","           0","          24","Normale","Aucun","Sur chaussée","          16"
"202000022238","2020-04-17T00:00:00.000000","  45.4285613","  -0.0298681","Route Départementale","          80","En courbe à droite","           0","           4","Normale","Aucun","Sur chaussée","          16"
"202000022408","2020-01-21T00:00:00.000000","   46.916584","    -0.56746","Route Départementale","          80","En courbe à gauche","          57","          -1","Verglacée","Aucun","Sur chaussée","          79"
"202000022792","2020-02-18T00:00:00.000000","  45.3855507","   0.2038744","Route Départementale","          80","En courbe à droite","           0","          54","Normale","Aucun","Sur accotement","          16"
"202000022831","2020-02-18T00:00:00.000000","    46.31545","    -0.44186","Voie Communales","          50","Partie rectiligne","           2","           6","Normale","Aucun","Sur chaussée","          79"
"201900056276","2019-12-04T00:00:00.000000","   45.644286","   -0.328876","Route Départementale","          80","Partie rectiligne","           0","           7","Normale","Aucun","Sur accotement","          16"
"202000023401","2020-06-09T00:00:00.000000","   45.475372","   -0.158027","Voie Communales","          50","Partie rectiligne","           0","           7","Normale","Aucun","Sur chaussée","          16"
"202000024106","2020-04-18T00:00:00.000000","   45.232115","    0.059025","Voie Communales","          80","Partie rectiligne","           0","          33","Normale","Aucun","Sur accotement","          16"
"202000024386","2020-01-17T00:00:00.000000","  45.5100577","   -0.219054","Route Départementale","          80","Partie rectiligne","           0","          56","Mouillée","Aucun","Sur accotement","          16"
"202000024525","2020-06-20T00:00:00.000000","   45.700505","    0.413492","Route Départementale","          80","Partie rectiligne","           0","          38","Normale","Aucun","Sur chaussée","          16"
"202000024742","2020-02-14T00:00:00.000000","    46.32752","    -0.41383","Route Départementale","          90","En courbe à gauche","           3","          14","Normale","Bretelle d’échangeur ou de raccordement","Sur chaussée","          79"
"202000025045","2020-08-08T00:00:00.000000","   46.070576","    0.594031","Route Départementale","          90","Partie rectiligne","           0","          36","Normale","Aucun","Sur accotement","          16"
"202000025532","2020-11-07T00:00:00.000000","  45.6487902","  -0.1364065","Route Départementale","          50","En courbe à gauche","           0","          56","Normale","Aucun","Sur accotement","          16"
"202000025782","2020-04-15T00:00:00.000000","  46.0073816","   0.1677318","Route Départementale","          80","En courbe à droite","           0","          64","Normale","Aucun","Sur accotement","          16"
"202000025841","2020-04-14T00:00:00.000000","  45.8719062","   0.6621208","Route nationale","          80","Partie rectiligne","           0","           7","Normale","Aucun","Sur accotement","          16"
"202000026063","2020-12-09T00:00:00.000000","   45.633758","    0.165195","Voie Communales","          50","Partie rectiligne","           0","          67","Normale","Aucun","Sur chaussée","          16"
"202000026595","2020-02-14T00:00:00.000000","   45.694552","   -0.325547","Voie Communales","          50","Partie rectiligne","           0","           7","Normale","Aucun","Sur chaussée","          16"
"202000026596","2020-02-09T00:00:00.000000","   45.690628","   -0.321508","Route Départementale","          50","Partie rectiligne","           0","          54","Normale","Aucun","Sur chaussée","          16"
"202000026993","2020-04-10T00:00:00.000000","  45.6773243","  -0.3179494","Route nationale","          80","En courbe à droite","           0","           7","Normale","Aucun","Sur chaussée","          16"
"202000027471","2020-01-09T00:00:00.000000","   46.788939","   1.6606983","Route Départementale","          50","En courbe à gauche","          42","           3","Mouillée","Carrefour aménagé","Sur chaussée","          36"
"201900057302","2019-09-15T00:00:00.000000","     45.7418","      0.0996","Route Départementale","          80","Partie rectiligne","           0","         4.2","Normale","Aucun","Sur chaussée","          16"
"202000027756","2020-10-02T00:00:00.000000","   45.987154","    0.376392","Route Départementale","          90","En courbe à gauche","           0","          58","Normale","Aucun","Sur accotement","          16"
"202000027816","2020-05-02T00:00:00.000000","   45.684627","    0.398426","Voie Communales","          80","Partie rectiligne","           0","          36","Mouillée","Aucun","Sur accotement","          16"
"202000027982","2020-12-14T00:00:00.000000","    45.69831","    -0.33831","Voie Communales","          50","Partie rectiligne","           0","          56","Mouillée","Aucun","Sur chaussée","          16"
"202000028468","2020-07-04T00:00:00.000000","   45.666587","    -0.33828","Route Départementale","          50","Partie rectiligne","           0","           7","Normale","Aucun","Sur chaussée","          16"
"202000028622","2020-02-16T00:00:00.000000","  45.6895092","   0.2255769","Route nationale","         110","Partie rectiligne","          25","          14","Normale","Aucun","Sur chaussée","          16"
"202000028794","2020-09-06T00:00:00.000000","   45.801012","    0.047765","Route Départementale","          80","Partie rectiligne","           0","          47","Normale","Aucun","Sur accotement","          16"
"202000028795","2020-09-06T00:00:00.000000","    45.48638","    0.034139","Route Départementale","          80","En S","           0","          56","Normale","Aucun","Sur chaussée","          16"
"202000028970","2020-04-05T00:00:00.000000","   45.770576","   -0.169537","Route Départementale","          80","Partie rectiligne","           0","           4","Normale","Aucun","Sur accotement","          16"
"202000028971","2020-04-05T00:00:00.000000","   45.446523","   -0.163035","Route nationale","         110","Partie rectiligne","          25","         105","Normale","Aucun","Sur accotement","          16"
"202000028999","2020-04-03T00:00:00.000000","   45.648922","    0.175111","Voie Communales","          50","Partie rectiligne","           0","          66","Normale","Aucun","Sur chaussée","          16"
"202000029169","2020-08-05T00:00:00.000000","   46.028726","    0.192003","Voie Communales","          50","Partie rectiligne","           0","           7","Normale","Aucun","Sur chaussée","          16"
"202000029170","2020-08-05T00:00:00.000000","    45.73659","    0.525831","Route Départementale","          80","Partie rectiligne","           0","          64","Normale","Aucun","Sur chaussée","          16"
"202000029213","2020-07-14T00:00:00.000000","    46.35644","    -0.38823","Voie Communales","          30","Partie rectiligne","         102","          73","Normale","Autres","Sur chaussée","          79"
"202000029727","2020-10-02T00:00:00.000000","   46.028927","    0.280012","Route Départementale","          80","En courbe à gauche","           0","          44","Mouillée","Aucun","Sur chaussée","          16"
"201900057497","2019-03-26T00:00:00.000000","  45.7707071","  -0.0356268","Voie Communales","          50","En courbe à droite","           0","         5.8","Normale","Aucun","Sur accotement","          16"
"202000029872","2020-12-11T00:00:00.000000","   45.693727","   -0.347854","Route nationale","          70","Partie rectiligne","           0","           7","Mouillée","Aucun","Sur chaussée","          16"
"202000029958","2020-12-15T00:00:00.000000","   45.611962","   -0.369818","Route Départementale","          80","Partie rectiligne","           0","          52","Normale","Aucun","Sur chaussée","          16"
"202000030085","2020-01-15T00:00:00.000000","  45.8939186","   0.7867293","Route Départementale","          50","En courbe à gauche","          15","           8","Normale","Carrefour aménagé","Sur chaussée","          16"
"202000030299","2020-07-07T00:00:00.000000","   45.688897","   -0.284491","Route Départementale","          50","Partie rectiligne","           0","           6","Normale","Aucun","Sur chaussée","          16"
"202000030453","2020-02-15T00:00:00.000000","  45.6565191","   0.0843217","Route Départementale","          50","Partie rectiligne","           0","          55","Normale","Aucun","Autres","          16"
"202000030846","2020-09-04T00:00:00.000000","   45.689209","   -0.344649","Route nationale","          80","Partie rectiligne","           0","           7","Normale","Aucun","Sur chaussée","          16"
"202000030938","2020-08-05T00:00:00.000000","   46.003475","    0.673728","Route Départementale","          50","En courbe à gauche","          20","          78","Corps gras – huile","Aucun","Sur chaussée","          16"
"201900021452","2019-06-30T00:00:00.000000","   45.710973","    0.218075","Route Départementale","          80","En courbe à gauche","           0","         6.3","Normale","Aucun","Sur accotement","          16"
"201900021552","2019-08-01T00:00:00.000000","   45.879523","    0.733876","Route Départementale","          70","En courbe à gauche","           0","           7","Normale","Aucun","Sur chaussée","          16"
"201900021553","2019-08-02T00:00:00.000000","   45.762001","    0.396292","Route Départementale","          80","Partie rectiligne","           0","           9","Normale","Carrefour aménagé","Sur chaussée","          16"
"201900022207","2019-12-25T00:00:00.000000","   45.871956","    0.666434","Route nationale","          80","Partie rectiligne","           0","           7","Normale","Aucun","Sur chaussée","          16"
"201900022336","2019-12-23T00:00:00.000000","     45.6961","    -0.33776","Voie Communales","          50","Partie rectiligne","           0","         4.9","Mouillée","Aucun","Sur chaussée","          16"
"201900022337","2019-12-23T00:00:00.000000","   45.682249","   -0.308041","Route nationale","          80","En courbe à gauche","           2","          10","Normale","Aucun","Sur chaussée","          16"
"201900022353","2019-01-28T00:00:00.000000","  45.6883837","  -0.3189663","Route Départementale","          50","Partie rectiligne","           0","           7","Mouillée","Aucun","Sur chaussée","          16"
"201900022547","2019-01-31T00:00:00.000000","  45.4781948","  -0.1512892","Route Départementale","          50","Partie rectiligne","           0","           6","Mouillée","Aucun","Sur chaussée","          16"
"201900022570","2019-10-11T00:00:00.000000","   45.937059","    0.734151","Route Départementale","          80","Partie rectiligne","           0","           7","Normale","Aucun","Sur chaussée","          16"
"201900022571","2019-10-10T00:00:00.000000","   45.399286","   -0.123597","Route Départementale","          70","Partie rectiligne","           0","           7","Normale","Aucun","Sur chaussée","          16"
"201900022688","2019-10-10T00:00:00.000000","   45.649326","    0.140101","Voie Communales","          50","Partie rectiligne","           0","         5.4","Normale","Aucun","Sur chaussée","          16"
"201900022769","2019-09-08T00:00:00.000000","   45.635887","    0.127134","Voie Communales","          50","Partie rectiligne","           4","           9","Normale","Aucun","Sur chaussée","          16"
"201900023019","2019-04-12T00:00:00.000000","    47.80631","     3.59597","Route nationale","          80","Partie rectiligne","           1","           7","Normale","Aucun","Sur chaussée","          89"
"201900023654","2019-03-13T00:00:00.000000","   46.213019","    -0.62421","Route nationale","         110","Partie rectiligne","        13.5","          16","Normale","Aucun","Autres","          79"
"201900024150","2019-10-10T00:00:00.000000","   45.765078","    0.580577","Route Départementale","          80","Partie rectiligne","           0","           6","Normale","Aucun","Sur accotement","          16"
"201900024512","2019-08-28T00:00:00.000000","   46.033278","    0.582963","Route Départementale","          80","Partie rectiligne","           0","         5.3","Normale","Aucun","Sur accotement","          16"
"201900024513","2019-09-08T00:00:00.000000","   45.227618","    0.109263","Route Départementale","          80","En courbe à droite","           0","         4.2","Normale","Aucun","Sur accotement","          16"
"201900024677","2019-04-14T00:00:00.000000","   45.397048","     0.09248","Route Départementale","          80","En S","           0","         4.9","Normale","Aucun","Sur accotement","          16"
"201900025093","2019-07-28T00:00:00.000000","    45.67748","    -0.35024","Route Départementale","          50","En courbe à gauche","         2.5","           6","Normale","Carrefour aménagé","Sur chaussée","          16"
"201900025565","2019-11-14T00:00:00.000000","    46.18209","   -0.498838","Autoroute","         110","Partie rectiligne","          50","          14","Inondée","Aucun","Sur chaussée","          79"
"201900026616","2019-06-29T00:00:00.000000","   45.762643","   -0.004549","Route Départementale","          80","Partie rectiligne","         3.5","         6.5","Normale","Carrefour aménagé","Sur chaussée","          16"
"201900026783","2019-01-30T00:00:00.000000","  45.6702994","   0.1833719","Voie Communales","          50","En courbe à gauche","          11","           9","Normale","Carrefour aménagé","Sur chaussée","          16"
"201900026904","2019-07-30T00:00:00.000000","   45.749837","    0.447615","Route Départementale","          80","Partie rectiligne","           0","         6.2","Normale","Carrefour aménagé","Sur chaussée","          16"
"201900028211","2019-09-08T00:00:00.000000","   45.697847","   -0.194648","Route Départementale","          80","Partie rectiligne","           0","         5.1","Normale","Aucun","Sur chaussée","          16"
"201900028212","2019-09-07T00:00:00.000000","    45.27368","   -0.007438","Route Départementale","          50","En courbe à droite","           0","         5.2","Autre","Chantier","Sur chaussée","          16"
"201900028892","2019-02-27T00:00:00.000000","  45.6823284","  -0.2939873","Route Départementale","          50","Partie rectiligne","         3.5","           7","Normale","Aucun","Sur chaussée","          16"
"201900029290","2019-11-11T00:00:00.000000","   45.513358","    0.195743","Route Départementale","          80","Partie rectiligne","           0","           7","Mouillée","Aucun","Sur accotement","          16"
"201900029639","2019-10-08T00:00:00.000000","   45.717681","    0.157185","Voie Communales","          80","Partie rectiligne","           0","         4.4","Normale","Aucun","Sur accotement","          16"
"201900029849","2019-01-27T00:00:00.000000","   45.267029","      0.1829","Route Départementale","          70","Partie rectiligne","           0","         5.2","Mouillée","Aucun","Sur accotement","          16"
"201900029916","2019-09-06T00:00:00.000000","   45.651052","    0.265443","Route Départementale","          80","En courbe à gauche","           0","         5.4","Normale","Aucun","Sur chaussée","          16"
"201900030193","2019-06-27T00:00:00.000000","   45.679923","    0.270891","Route Départementale","          80","Partie rectiligne","           0","         6.4","Normale","Aucun","Sur chaussée","          16"
"201900031177","2019-11-10T00:00:00.000000","    45.54967","    0.369845","Route Départementale","          80","En courbe à gauche","           0","         5.1","Mouillée","Aucun","Sur accotement","          16"
"201900031247","2019-12-20T00:00:00.000000","   45.858008","    0.646671","Route Départementale","          80","En courbe à gauche","           0","         5.4","Mouillée","Aucun","Sur accotement","          16"
"201900031369","2019-12-16T00:00:00.000000","   45.516782","    0.263158","Route Départementale","          80","En courbe à droite","           0","           6","Normale","Aucun","Sur accotement","          16"
"201900031370","2019-12-15T00:00:00.000000","   45.537045","    -0.04657","Route nationale","         110","En courbe à droite","         2.5","          14","Mouillée","Aucun","Sur bande d’arrêt d’urgence","          16"
"201900031408","2019-10-07T00:00:00.000000","   45.345139","    -0.05978","Route Départementale","          80","Partie rectiligne","           0","           7","Normale","Aucun","Sur accotement","          16"
"201900031566","2019-01-26T00:00:00.000000","   45.740149","   -0.366536","Route Départementale","          80","Partie rectiligne","           0","         6.7","Mouillée","Aucun","Sur accotement","          16"
"201900032144","2019-03-08T00:00:00.000000","   45.470424","    0.148316","Route Départementale","          80","Partie rectiligne","           0","           7","Mouillée","Aucun","Sur accotement","          16"
"201900032172","2019-01-24T00:00:00.000000","   46.426024","   -0.090596","Autoroute","         130","Partie rectiligne","          45","         155","Normale","Aucun","Sur chaussée","          79"
"201900032485","2019-07-23T00:00:00.000000","    45.87091","    0.725069","Voie Communales","          50","Partie rectiligne","           0","         4.2","Normale","Aucun","Sur chaussée","          16"
"201900032561","2019-07-28T00:00:00.000000","   45.665121","   -0.015342","Route Départementale","          80","En S","           0","         3.4","Normale","Aucun","Sur accotement","          16"
"201900032562","2019-07-26T00:00:00.000000","   45.672094","    0.041456","Route nationale","          90","En S","           0","        10.5","Mouillée","Aucun","Sur chaussée","          16"
"201900032789","2019-05-09T00:00:00.000000","  45.6807594","  -0.3284845","Route Départementale","          50","Partie rectiligne","           0","         6.6","Mouillée","Aucun","Sur chaussée","          16"
"201900033111","2019-12-13T00:00:00.000000","  45.7863461","  -0.1715916","Route Départementale","          50","Partie rectiligne","           0","         4.6","Normale","Aucun","Sur chaussée","          16"
"201900033112","2019-12-16T00:00:00.000000","   45.518195","    0.429541","Route Départementale","          80","Partie rectiligne","           0","         5.1","Normale","Aucun","Sur chaussée","          16"
"201900033303","2019-10-01T00:00:00.000000","   45.692214","   -0.326988","Voie Communales","          50","Partie rectiligne","           0","         4.8","Normale","Aucun","Sur chaussée","          16"
"201900033990","2019-03-05T00:00:00.000000","   45.656978","   -0.093685","Route Départementale","          70","Partie rectiligne","           0","         5.2","Normale","Aucun","Sur chaussée","          16"
"201900034081","2019-03-19T00:00:00.000000","  45.6808969","  -0.2895307","Route nationale","         110","Partie rectiligne","           3","          14","Normale","Aucun","Sur chaussée","          16"
"201900034098","2019-04-10T00:00:00.000000","   45.514376","   -0.107031","Route nationale","         110","Partie rectiligne","          14","          14","Normale","Aucun","Sur chaussée","          16"
"201900034261","2019-07-24T00:00:00.000000","   43.211726","    2.387366","Route Départementale","          80","En courbe à gauche","           1","           8","Mouillée","Autres","Sur chaussée","          11"
"201900034637","2019-12-14T00:00:00.000000","    45.63449","     0.21245","Route Départementale","          50","En courbe à droite","           8","        10.5","Mouillée","Carrefour aménagé","Sur chaussée","          16"
"201900035196","2019-10-04T00:00:00.000000","   45.717963","   -0.128095","Route Départementale","          80","En courbe à gauche","           0","         5.1","Normale","Aucun","Sur accotement","          16"
"201900035213","2019-10-05T00:00:00.000000","   45.682407","   -0.376959","Route Départementale","          80","Partie rectiligne","           0","         5.6","Normale","Aucun","Sur accotement","          16"
"201900035827","2019-04-07T00:00:00.000000","    45.69013","    -0.34534","Route nationale","          80","Partie rectiligne","           0","           7","Normale","Aucun","Sur chaussée","          16"
"201900035828","2019-04-08T00:00:00.000000","   45.650852","    0.145762","Voie Communales","          50","Partie rectiligne","           0","         5.6","Normale","Aucun","Sur chaussée","          16"
"201900035952","2019-04-04T00:00:00.000000","    45.47856","   -0.152173","Route Départementale","          50","Partie rectiligne","           0","         6.7","Normale","Carrefour aménagé","Sur chaussée","          16"
"201900036079","2019-07-24T00:00:00.000000","   45.884632","    0.824256","Route Départementale","          70","En S","           0","           7","Normale","Aucun","Sur accotement","          16"
"201900039036","2019-01-08T00:00:00.000000","   46.065794","    0.199361","Route nationale","         110","En courbe à droite","           3","          14","Normale","Aucun","Sur bande d’arrêt d’urgence","          16"
"201900039037","2019-01-17T00:00:00.000000","  45.3113641","   0.2032844","Route Départementale","          80","En courbe à gauche","           0","        4.45","Mouillée","Aucun","Sur chaussée","          16"
"201900039194","2019-08-28T00:00:00.000000","   45.658572","    0.144255","Voie Communales","          50","Partie rectiligne","           2","           7","Normale","Aucun","Sur chaussée","          16"
"201900040281","2019-06-22T00:00:00.000000","   45.909989","    0.453273","Route Départementale","          80","En S","           0","         4.6","Normale","Aucun","Sur accotement","          16"
"201900040540","2019-10-30T00:00:00.000000","   46.374539","    -0.21171","Autoroute","         130","Partie rectiligne","          50","         145","Mouillée","Aucun","Sur chaussée","          79"
"201900040703","2019-01-10T00:00:00.000000","    45.04299","     3.88044","Route nationale","          50","Partie rectiligne","           0","          73","Normale","Carrefour aménagé","Sur chaussée","          43"
"201900040828","2019-10-01T00:00:00.000000","   45.987317","    0.201102","Route nationale","          90","Partie rectiligne","           3","          14","Mouillée","Aucun","Sur bande d’arrêt d’urgence","          16"
"201900041278","2019-08-18T00:00:00.000000","   45.973375","    0.055747","Route Départementale","          80","Partie rectiligne","           0","         5.6","Normale","Aucun","Sur chaussée","          16"
"201900041716","2019-12-11T00:00:00.000000","    45.55352","    0.043613","Route Départementale","          30","Partie rectiligne","           0","         5.2","Mouillée","Aucun","Sur accotement","          16"
"201900041743","2019-12-10T00:00:00.000000","   45.649921","    0.041188","Route Départementale","          80","Partie rectiligne","           0","         5.2","Normale","Aucun","Sur chaussée","          16"
"201900042474","2019-03-03T00:00:00.000000","   45.767251","   0.1355533","Route Départementale","          80","Partie rectiligne","           0","         5.6","Normale","Aucun","Sur chaussée","          16"
"201900042706","2019-09-30T00:00:00.000000","    45.38656","      0.1744","Route Départementale","          80","En courbe à gauche","           0","         5.8","Boue","Aucun","Sur accotement","          16"
"201900043104","2019-09-01T00:00:00.000000","   45.850311","    0.502894","Route nationale","          80","Partie rectiligne","           0","           7","Normale","Aucun","Sur accotement","          16"
"201900043105","2019-08-27T00:00:00.000000","    45.79863","    0.136339","Route Départementale","          50","Partie rectiligne","           0","         3.5","Normale","Aucun","Sur chaussée","          16"
"201900043106","2019-08-26T00:00:00.000000","   45.727206","   -0.196141","Voie Communales","          50","Partie rectiligne","           0","         4.4","Normale","Aucun","Sur chaussée","          16"
"201900043107","2019-08-31T00:00:00.000000","   45.497323","   -0.237923","Route Départementale","          80","Partie rectiligne","           0","           7","Normale","Aucun","Sur chaussée","          16"
"201900043389","2019-07-18T00:00:00.000000","   45.791823","     0.41993","Route Départementale","          80","En courbe à droite","           0","           7","Autre","Aucun","Sur accotement","          16"
"201900043472","2019-07-19T00:00:00.000000","   45.652855","    0.095137","Route Départementale","          30","En courbe à droite","           0","         5.8","Normale","Aucun","Sur chaussée","          16"
"201900044071","2019-03-03T00:00:00.000000","   45.698237","    0.230885","Voie Communales","          50","En courbe à gauche","           0","         4.3","Normale","Aucun","Sur accotement","          16"
"201900044072","2019-02-26T00:00:00.000000","    45.68281","    0.177916","Voie Communales","          50","Partie rectiligne","3.7999999523","         5.7","Normale","Aucun","Sur accotement","          16"
"201900045127","2019-04-01T00:00:00.000000","    45.67333","     0.14369","Route nationale","          50","En courbe à droite","           2","           7","Normale","Bretelle d’échangeur ou de raccordement","Sur chaussée","          16"
"201900045766","2019-06-11T00:00:00.000000","   46.333573","    -0.43217","Route Départementale","          50","Partie rectiligne","          30","         150","Mouillée","Souterrain - tunnel","Sur chaussée","          79"
"201900046239","2019-01-10T00:00:00.000000","    49.42767","     1.10299","Route Départementale","          70","Partie rectiligne","           2","          20","Mouillée","Aucun","Sur chaussée","          76"
"201900046497","2019-09-27T00:00:00.000000","    45.67526","    -0.30445","Voie Communales","          50","En courbe à gauche","           0","         5.3","Mouillée","Aucun","Sur trottoir","          16"
"201900046686","2019-07-26T00:00:00.000000","  45.8448807","   0.5897936","Route Départementale","          80","Partie rectiligne","           0","         6.3","Mouillée","Carrefour aménagé","Sur chaussée","          16"
"201900046804","2019-04-03T00:00:00.000000","  45.9998866","   0.2153866","Route Départementale","          80","En courbe à gauche","           0","           6","Normale","Aucun","Sur chaussée","          16"
"201900046908","2019-04-01T00:00:00.000000","   45.673179","     0.18965","Route Départementale","          80","En courbe à gauche","           0","           7","Normale","Carrefour aménagé","Sur chaussée","          16"
"201900047284","2019-12-07T00:00:00.000000","   45.473148","   -0.151456","Voie Communales","          30","Partie rectiligne","           0","         6.4","Mouillée","Aucun","Sur chaussée","          16"
"201900047311","2019-05-23T00:00:00.000000","   45.886044","    0.059951","Route Départementale","          80","Partie rectiligne","           0","         6.5","Normale","Aucun","Sur chaussée","          16"
"201900047312","2019-05-03T00:00:00.000000","   45.627947","   -0.254166","Route Départementale","          80","Partie rectiligne","           0","         4.8","Normale","Aucun","Sur accotement","          16"
"201900047870","2019-11-04T00:00:00.000000","   45.867379","    0.544152","Route nationale","          70","Partie rectiligne","           0","           7","Normale","Aucun","Sur trottoir","          16"
"201900047871","2019-11-05T00:00:00.000000","    45.97852","    0.684373","Route Départementale","          80","Partie rectiligne","           0","           7","Mouillée","Aucun","Sur chaussée","          16"
"201900048334","2019-09-23T00:00:00.000000","    45.64725","    0.155828","Voie Communales","          50","Partie rectiligne","           0","         2.4","Normale","Aucun","Sur chaussée","          16"
"201900048833","2019-03-31T00:00:00.000000","   45.540563","     0.11805","Route Départementale","          80","Partie rectiligne","           0","         5.6","Normale","Aucun","Sur accotement","          16"
"201900048835","2019-03-31T00:00:00.000000","   45.529726","    0.341693","Route Départementale","          80","En courbe à droite","           0","         6.4","Normale","Aucun","Sur accotement","          16"
"201900049185","2019-12-06T00:00:00.000000","   46.336701","    -0.42127","Route Départementale","          50","Partie rectiligne","          20","         140","Normale","Souterrain - tunnel","Sur chaussée","          79"
"201900049253","2019-12-06T00:00:00.000000","    45.69805","    -0.33039","Voie Communales","          50","Partie rectiligne","           0","         5.4","Mouillée","Aucun","Sur chaussée","          16"
"201900049841","2019-10-29T00:00:00.000000","    45.85432","    0.261285","Route Départementale","          80","Partie rectiligne","           0","         5.7","Normale","Aucun","Sur chaussée","          16"
"201900050043","2019-09-27T00:00:00.000000","      45.446","     -0.1639","Route nationale","         110","Partie rectiligne","         2.5","          14","Mouillée","Aucun","Sur bande d’arrêt d’urgence","          16"
"201900050265","2019-08-25T00:00:00.000000","   45.520679","   -0.158619","Route Départementale","          80","En courbe à droite","           0","         2.9","Normale","Aucun","Sur accotement","          16"
"201900050461","2019-07-16T00:00:00.000000","   45.583268","    0.047236","Route nationale","         110","Partie rectiligne","         2.5","          14","Normale","Aucun","Sur chaussée","          16"
"201900050508","2019-07-16T00:00:00.000000","   45.716776","    0.229688","Route Départementale","          80","Partie rectiligne","           0","         6.2","Normale","Aucun","Sur chaussée","          16"
"201900050691","2019-07-15T00:00:00.000000","  45.8047637","   0.0009172","Voie Communales","          80","Partie rectiligne","           0","         3.6","Normale","Aucun","Sur chaussée","          16"
"201900051005","2019-12-06T00:00:00.000000","   45.879359","     0.62435","Route nationale","          80","Partie rectiligne","           0","           7","Normale","Aucun","Sur accotement","          16"
"201900051663","2019-10-29T00:00:00.000000","   45.809808","     0.28512","Route Départementale","          50","En courbe à gauche","         1.5","           4","Normale","Carrefour aménagé","Sur chaussée","          16"
"201900052979","2019-06-16T00:00:00.000000","    45.69057","    -0.32142","Voie Communales","          50","Partie rectiligne","           0","           7","Normale","Aucun","Sur chaussée","          16"
"201900052980","2019-06-07T00:00:00.000000","     45.6371","     0.10149","Route Départementale","          70","En courbe à gauche","           0","         5.8","Mouillée","Aucun","Sur chaussée","          16"
"201900052981","2019-06-08T00:00:00.000000","    45.65037","     0.17875","Voie Communales","          50","Partie rectiligne","           0","           6","Normale","Aucun","Sur chaussée","          16"
"201900052982","2019-06-03T00:00:00.000000","   45.644059","    0.146431","Voie Communales","          50","En S","           0","         4.4","Normale","Aucun","Sur chaussée","          16"
"201900053230","2019-02-16T00:00:00.000000","   48.738091","   -0.023508","Route Départementale","          50","Partie rectiligne","           0","         8.8","Normale","Aucun","Sur chaussée","          61"
"201900053366","2019-01-06T00:00:00.000000","   47.885431","    3.424568","Autoroute","         130","Partie rectiligne","           2","          10","Normale","Aucun","Sur chaussée","          89"
"201900053630","2019-10-28T00:00:00.000000","   45.871247","    0.197068","Route Départementale","          80","Partie rectiligne","           0","         5.9","Normale","Aucun","Sur chaussée","          16"
"201900053631","2019-10-27T00:00:00.000000","   46.077714","    0.749461","Route Départementale","          80","Partie rectiligne","           0","           7","Mouillée","Aucun","Sur accotement","          16"
"201900053759","2019-09-22T00:00:00.000000","    45.69566","    -0.32777","Voie Communales","          50","Partie rectiligne","           0","         2.9","Normale","Aucun","Sur chaussée","          16"
"201900054276","2019-03-26T00:00:00.000000","  45.6450333","   0.0351507","Route Départementale","          80","Partie rectiligne","           0","         5.2","Normale","Carrefour aménagé","Sur chaussée","          16"
"201900054278","2019-03-31T00:00:00.000000","   45.744535","    0.187118","Route Départementale","          80","En courbe à droite","           0","         6.2","Normale","Carrefour aménagé","Sur chaussée","          16"
"201900054394","2019-05-16T00:00:00.000000","   46.055187","    0.226186","Route Départementale","          80","Partie rectiligne","           0","         5.2","Normale","Aucun","Sur chaussée","          16"
"201900054395","2019-05-13T00:00:00.000000","   45.886678","     0.57938","Voie Communales","          50","Partie rectiligne","           0","           5","Normale","Aucun","Sur chaussée","          16"
"201900054396","2019-05-16T00:00:00.000000","   45.773695","     0.09648","Route Départementale","          80","En courbe à droite","           0","         5.7","Normale","Aucun","Sur chaussée","          16"
"201900054397","2019-05-26T00:00:00.000000","   45.985334","    0.643539","Route Départementale","          80","En S","           0","         5.8","Normale","Aucun","Sur chaussée","          16"
